time_sec,actual_r_ratio,estimated_r_ratio,nis_configured,nis_adapted
0.0,1.0,1.0,0.45839553587131343,0.45839553587131343
0.1,1.0,1.0,0.1715709517575731,0.1715709517575731
0.2,1.0,1.0,0.06025343102665909,0.06025343102665909
0.30000000000000004,1.0,1.0,1.3794222216402032,1.3794222216402032
0.4,1.0,1.0,0.14227094092458417,0.14227094092458417
0.5,1.0,1.0,0.08025693837937825,0.08025693837937825
0.6000000000000001,1.0,1.0,0.00539128353390949,0.00539128353390949
0.7000000000000001,1.0,1.0,0.5123183031623502,0.5123183031623502
0.8,1.0,1.0,0.4509873757518324,0.4509873757518324
0.9,1.0,1.0,4.637926745697101,4.637926745697101
1.0,1.0,1.0,0.809129777380039,0.809129777380039
1.1,1.0,1.0,0.8506331002464104,0.8506331002464104
1.2000000000000002,1.0,1.0,0.011107731464381989,0.011107731464381989
1.3,1.0,1.0,0.0006881431470301197,0.0006881431470301197
1.4000000000000001,1.0,0.9745579505103685,0.34123762209095615,0.34712534218087016
1.5,1.0,0.9479967052211524,0.15062904167078509,0.15603872694701282
1.6,1.0,0.9202217942908298,0.0527637045554317,0.055727603358366934
1.7000000000000002,1.0,0.892636298854401,0.3071597784470975,0.33083990992454826
1.8,1.0,0.872206184973777,2.0422883089839554,2.232486995774965
1.9000000000000001,1.0,0.8503704222511204,0.008781471210946743,0.009754513724065083
2.0,1.0,0.8334970908792216,1.7074407204420996,1.9206349216513743
2.1,1.0,0.8275978318841037,3.6468549002766295,4.120436339257661
2.2,1.0,0.8198691678550687,0.15886842565818413,0.18055019716427192
2.3000000000000003,1.0,0.8102272114760207,0.046104191066892425,0.05278190377562946
2.4000000000000004,1.0,0.8025181778270306,1.2349616638845842,1.422200877777595
2.5,1.0,0.7950683095172575,0.7269184266768803,0.8419460440830057
2.6,1.0,0.785973838756629,0.04285936253714751,0.049992497411829546
2.7,1.0,0.781096781369037,2.146856801271751,2.5136939290927622
2.8000000000000003,1.0,0.7767519886365445,0.9038076844814841,1.0618440690035684
2.9000000000000004,1.0,0.7728102290970642,0.8704513737012305,1.0258222559054206
3.0,1.0,0.7673339054631378,0.08286167571095386,0.09807400640876013
3.1,1.0,0.7603508906493898,0.015839363364672725,0.018851135206297474
3.2,1.0,0.7554317870235003,1.5062770028807908,1.7997118821389955
3.3000000000000003,1.0,0.7513856325392139,1.058883140760911,1.2692527945350165
3.4000000000000004,1.0,0.746031819083842,0.07835467375199483,0.09432504758538902
3.5,1.0,0.7401331730897807,0.3728617674546721,0.450994024930835
3.6,1.0,0.734135747093547,0.5578078638765109,0.6779738758765116
3.7,1.0,0.7271088126940991,0.07323738591025285,0.08952431742723117
3.8000000000000003,1.0,0.7215026445123991,1.2851628449129693,1.5781744526136277
3.9000000000000004,1.0,0.7150758986444137,0.1561843818425208,0.1928081801516673
4.0,1.0,0.7084386450648278,0.437903215368676,0.5435566180670897
4.1000000000000005,1.0,0.7009952195815098,0.08425451838335056,0.10523087478987962
4.2,1.0,0.695167731523566,1.4194726836251312,1.7815148194500208
4.3,1.0,0.6910376046406091,1.5478092119077085,1.9493203311260106
4.4,1.0,0.6878301531752908,1.1714115733373989,1.4792665056607603
4.5,1.0,0.6860759293670691,1.5442101683055354,1.9529232447153435
4.6000000000000005,1.0,0.6831994224388498,0.010234016817877702,0.012974165585015678
4.7,1.0,0.680855794476499,1.001358176987918,1.2719904263566453
4.800000000000001,1.0,0.6777586622317311,0.18870326417860164,0.24033352956330006
4.9,1.0,0.6737128120299091,0.010225720192421425,0.013068427072977432
5.0,1.0,0.6705279862456945,0.8975501408822328,1.1501862639282123
5.1000000000000005,1.0,0.6695490534934856,1.5360054469541211,1.9699970373615587
5.2,1.0,0.6689296082620331,0.26728068645735537,0.3429813282616079
5.300000000000001,1.0,0.6709748961012673,3.1352627610496473,4.016221148064441
5.4,1.0,0.6736789244710863,0.6496075559556208,0.8302196738963731
5.5,1.0,0.6761400754170063,0.008472934773871144,0.010806027637737399
5.6000000000000005,1.0,0.6800211600379364,1.0340520984047763,1.3144494354298688
5.7,1.0,0.6868722987121431,2.621723826044354,3.3134025820079542
5.800000000000001,1.0,0.6982175616570478,3.67544151202418,4.601136258103217
5.9,1.0,0.7020395719200234,0.0006003892410216581,0.0007492131561808572
6.0,1.0,0.7048109950209706,0.23613867812692915,0.2939946752264063
6.1000000000000005,1.0,0.7073221051989659,0.7694719216434406,0.9560065847340284
6.2,1.0,0.7148195118570821,3.4190090574782173,4.221625958556938
6.300000000000001,1.0,0.7220929059025565,0.1012599566562936,0.12428673323511734
6.4,1.0,0.737359037600759,5.912175858758849,7.1670901643340725
6.5,1.0,0.7527775092554542,0.761060069272652,0.9112472849128999
6.6000000000000005,1.0,0.7717774682416221,2.9543709806938208,3.48453765041762
6.7,1.0,0.7896054745301355,0.15918994621638138,0.18516121716339082
6.800000000000001,1.0,0.8036325633674233,0.10261021778394254,0.11806649434893983
6.9,1.0,0.8170792708726831,0.0894302111018731,0.10185060202483208
7.0,1.0,0.827749680300344,0.30479891888491345,0.3443407933820398
7.1000000000000005,1.0,0.8338346452373171,0.9455722207400233,1.0633689387020528
7.2,1.0,0.8397568729412862,0.2532091015545889,0.28349446082560115
7.300000000000001,1.0,0.8459627248454629,0.43259458133760015,0.4821024089511119
7.4,1.0,0.8504494622165726,0.2957470386458349,0.32849845209358053
7.5,1.0,0.8547421381998815,0.7471020805133879,0.8272076944909631
7.6000000000000005,1.0,0.869142292324258,6.924267322692419,7.586063948405727
7.7,1.0,0.8813192175368165,1.1447093308724203,1.2430609626719866
7.800000000000001,1.0,0.8922338167476211,0.46815452373077465,0.5043921338131524
7.9,1.0,0.9022373616757516,0.6269018256120247,0.6706088171080132
8.0,1.0,0.9166051701287184,3.3258221898728486,3.5216116600477867
8.1,1.0,0.9306409753941922,0.2734308534681911,0.28668707751032846
8.200000000000001,1.0,0.9417428126059313,0.018158475906710783,0.01889221407723501
8.3,1.0,0.9510267877676666,0.21703634781641298,0.22436148282656387
8.4,1.0,0.9597909260137646,0.04126256871835452,0.042399121665007644
8.5,1.0,0.967655224789269,0.06510672859549854,0.06654157682521805
8.6,1.0,0.9744613731931918,0.11451757533894756,0.11650109398010951
8.700000000000001,1.0,0.9816406278423532,0.548846496200004,0.5556473876522249
8.8,1.0,0.9868961864771542,0.24200732364485175,0.24414010121805851
8.9,1.0,0.9916828265498061,0.01875729490313494,0.018861879921068442
9.0,1.0,0.9978180656389315,1.4965238954393225,1.4987039445284127
9.1,1.0,1.007187703340703,2.4450282297849903,2.4333680115279113
9.200000000000001,1.0,1.0141558403515485,0.1307934797334421,0.12957069171599456
9.3,1.0,1.0204522123916209,1.3322371317538566,1.3143166758838398
9.4,1.0,1.0246808164028605,0.0027786221179215646,0.00273364308912579
9.5,1.0,1.0344059365174356,5.349507704237271,5.229555859623543
9.600000000000001,1.0,1.0440742582916347,0.2965391270529632,0.2880746752889861
9.700000000000001,1.0,1.0523137106408798,0.37105595282520837,0.35855119066623736
9.8,1.0,1.0624027056751797,1.6963801325233658,1.628626339126463
9.9,1.0,1.0745024062666477,1.686995926114587,1.607170544230551
10.0,1.0,1.0868293711284565,1.452383007491572,1.3729103776848348
10.100000000000001,1.0,1.0963961777800018,0.10679880217223248,0.10034990404520094
10.200000000000001,1.0,1.1082992458721619,2.143681868585299,1.9993311637314162
10.3,1.0,1.1151521721210007,0.1652704685740913,0.1534875209532671
10.4,1.0,1.120703706057142,0.010443555785253085,0.009665760385030739
10.5,1.0,1.126955102140899,0.6600988310555923,0.6085897793248622
10.600000000000001,1.0,1.1315629079376899,0.1467051098860804,0.1348753785456397
10.700000000000001,1.0,1.15671389905638,16.470774233870053,14.91275069574599
10.8,1.0,1.1751624472128313,0.04551257448824531,0.040753576971567784
10.9,1.0,1.1948692677880932,1.4544002736631052,1.2871791659434466
11.0,1.0,1.213237325703755,0.0005242575687878853,0.0004590060824520036
11.100000000000001,1.0,1.229606949096764,0.04945083706380824,0.04288619193768198
11.200000000000001,1.0,1.240301550909221,0.18131545021023396,0.1562793385854644
11.3,1.0,1.2503395511659399,0.020012313246292556,0.01715008373629155
11.4,1.0,1.2533851653026409,1.5851851206375525,1.3561068771480769
11.5,1.0,1.2632797164104161,5.428538521212165,4.617989820920137
11.600000000000001,1.0,1.26860708192518,0.23939895561208382,0.20304025528792788
11.700000000000001,1.0,1.273492203660371,0.04193961032664314,0.035472056409452384
11.8,1.0,1.280778603502623,1.8662996803307508,1.5720368129928528
11.9,1.0,1.287634185654411,0.045098412200978884,0.03784198067162389
12.0,1.0,1.2962010756574203,1.6741902247587974,1.3981092491101257
12.100000000000001,1.0,1.303672382384479,0.5007463702066639,0.4164390177760585
12.200000000000001,1.0,1.3107382835653214,0.23198229497905884,0.1921721353256158
12.3,1.0,1.3168034147546759,0.0009446263737292989,0.0007799080236676452
12.4,1.0,1.3222129875704354,0.060879162560972526,0.05011419875961617
12.5,1.0,1.3262315283596962,6.649003948935038e-05,5.461249446482104e-05
12.600000000000001,1.0,1.3218391402955145,1.4509327800396017,1.1946165399138235
12.700000000000001,1.0,1.317086084013405,0.757850916781032,0.6256040289851021
12.8,1.0,1.312833641511751,0.6434618346307244,0.532422131763396
12.9,1.0,1.308586131103169,0.4884418042716496,0.4051024686120854
13.0,1.0,1.2997653323767793,0.13537963104832815,0.11283106909516792
13.100000000000001,1.0,1.2910900378469703,0.07640702697571287,0.06398926801097063
13.200000000000001,1.0,1.2846518090273118,1.220359131679989,1.0257119558339403
13.3,1.0,1.2789670250760021,0.5047252993936987,0.4255772807583115
13.4,1.0,1.2784053937614086,3.267204861485394,2.7557312350828287
13.5,1.0,1.278685596534902,0.6076084101671447,0.5124079359647713
13.600000000000001,1.0,1.2795460014892168,0.5106591216696251,0.43044050665923694
13.700000000000001,1.0,1.280250611786435,0.47366355661277576,0.3990984922095885
13.8,1.0,1.2809429817037865,0.25733408030761473,0.2167397409276651
13.9,1.0,1.2816601675511554,0.058380245493249,0.049150994019379494
14.0,1.0,1.2840733244785785,2.651077477054277,2.228953351311185
14.100000000000001,1.0,1.2827199077633265,0.014417698915616471,0.012131209327525972
14.200000000000001,1.0,1.2826029831023038,0.9100076253780092,0.7657405776868239
14.3,1.0,1.2808081915181095,0.20976169427191327,0.17668525049833825
14.4,1.0,1.28360688130545,3.0052731503346366,2.527412162820624
14.5,1.0,1.2782823574608604,0.027321609195314206,0.02304606668397053
14.600000000000001,1.0,1.2727804214834288,0.0007802436721115095,0.0006601863908153524
14.700000000000001,1.0,1.2670858157432132,0.059211578388096105,0.05026205676648971
14.8,1.0,1.2595906392465375,0.3061794368760003,0.26100909215490087
14.9,1.0,1.2508982719063164,0.6390294805285964,0.5474585452353353
15.0,1.0,1.2408579464020986,0.2639986534861469,0.2274728854514783
15.100000000000001,1.0,1.2328501621610282,1.127148794130155,0.9756892015907138
15.200000000000001,1.0,1.2222600123406424,0.15517867433922725,0.13515265397847614
15.3,1.0,1.214262199316812,1.540490005598085,1.3479472447785579
15.4,1.0,1.2074947503889872,0.5640925189949356,0.49554399994473963
15.5,1.0,1.2012385842042885,0.7753723622120671,0.683653988404038
15.600000000000001,1.0,1.1975106106185467,1.6236279697005391,1.4347138329010922
15.700000000000001,1.0,1.1702770600037666,0.6761237616531696,0.6071960555319291
15.8,1.0,1.1506134383683166,4.184346873549022,3.802537992498153
15.9,1.0,1.1301641553035988,0.2751719329695282,0.253200205704082
16.0,1.0,1.1114410396230734,0.4696597448730724,0.4371798905372258
16.1,1.0,1.0973386725735002,2.505846068347906,2.3531447444805433
16.2,1.0,1.0839501551719077,0.1871363138782962,0.17721799508708605
16.3,1.0,1.0712041175216334,0.0020482340719304563,0.0019554118230939413
16.400000000000002,1.0,1.0600754335343048,2.2385529742590173,2.152350706389538
16.5,1.0,1.0413680200163389,0.005096034542980101,0.0049592645722525905
16.6,1.0,1.0232409694543023,0.002727142299407948,0.0026855327102824783
16.7,1.0,1.0060183031395535,0.040627423117245154,0.040465069082378
16.8,1.0,0.9869001048848595,0.028522843208927087,0.0287741353120045
16.900000000000002,1.0,0.9711304897654515,1.6402138939018835,1.6724015020891076
17.0,1.0,0.9559055770745777,1.511671339801356,1.5574547178109222
17.1,1.0,0.9407195886299108,0.019198777982060326,0.019988738405699643
17.2,1.0,0.9261708948777387,0.15064580848675738,0.15844434460255036
17.3,1.0,0.9145231928003171,1.4499826178016544,1.5376021671279267
17.400000000000002,1.0,0.9043893547541401,0.6818651141432337,0.7282864027361607
17.5,1.0,0.896285359592885,1.0155004784483024,1.09093080952778
17.6,1.0,0.8864138994549849,0.0024896235676927525,0.002693593416083882
17.7,1.0,0.8770731354835478,0.7825996898263773,0.8524598327360159
17.8,1.0,0.8708945314709323,2.44020967479722,2.670019048269463
17.900000000000002,1.0,0.8667533896126645,1.6407964400829538,1.8007598728706493
18.0,1.0,0.8630111101064974,0.2632498038398607,0.2897076207463473
18.1,1.0,0.8610442381276079,1.135269394955147,1.2511746824448629
18.2,1.0,0.8574025797074584,0.038272438210394465,0.0422930221098918
18.3,1.0,0.8544575494617876,0.847755468374511,0.9388505406220132
18.400000000000002,1.0,0.8472309275343443,0.31464273211469646,0.3503216030200681
18.5,1.0,0.8408492882115701,0.930042749031824,1.0404332058888424
18.6,1.0,0.8348332137102593,0.5416476918860539,0.6086689554051185
18.7,1.0,0.8287419800090593,0.2230216066429319,0.25176626839329413
18.8,1.0,0.8226371191883435,0.04520821059037448,0.05127053739968812
18.900000000000002,1.0,0.8168190956610784,0.04610974710325285,0.05252401099192504
19.0,1.0,0.8074140008485005,0.06576250260355333,0.0754495162521673
19.1,1.0,0.7986237449450777,0.11080714459980462,0.12798989510755976
19.200000000000003,1.0,0.789502079928499,0.3960596864932933,0.4607123470269093
19.3,1.0,0.7809731767778709,0.30088077101965305,0.35232678147463004
19.400000000000002,1.0,0.7709561949898677,1.728923953730279,2.0404998542188886
19.5,1.0,0.7630958450533906,1.1311767839459714,1.3433384193004256
19.6,1.0,0.7568081454078442,0.7872021064100917,0.9395253873310612
19.700000000000003,1.0,0.7509092289333709,0.10881037091850425,0.130477537940085
19.8,1.0,0.7477996234364055,1.9690895393988959,2.3670742109731666
19.900000000000002,1.0,0.7449466819049452,0.7064852742997777,0.8512235317806
20.0,9.0,0.762092172639584,13.501188779836836,16.046199801239524
20.1,9.0,0.7892947824066081,8.403411173541716,9.776753099693586
20.200000000000003,9.0,0.8697122727064703,36.53851935513208,40.01408188042383
20.3,9.0,0.9449028053809314,0.7364345986593769,0.7645164047541849
20.400000000000002,9.0,1.0311046990628707,10.411350946462454,10.199842263727785
20.5,9.0,1.1157350607372423,2.60108081323151,2.4147654616512426
20.6,9.0,1.1937479599636915,0.03299839356479231,0.0292237047761519
20.700000000000003,9.0,1.2719528458817841,3.40454486363045,2.882027762372169
20.8,9.0,1.3467768422640212,4.537250046915043,3.6852720451210716
20.900000000000002,9.0,1.4223287776403593,3.254597808444663,2.5395742754574364
21.0,9.0,1.5015627942726366,5.442778428043969,4.078896582923741
21.1,9.0,1.5909813801222374,11.936692767639498,8.562983545273143
21.200000000000003,9.0,1.6805318325892773,3.2556669204909787,2.239591418822602
21.3,9.0,1.7716629701218394,4.040853359988035,2.668212723323548
21.400000000000002,9.0,1.8584904241343654,2.4071352119870078,1.5309380869357332
21.5,9.0,1.9421946045718572,0.8171621182710855,0.5019023361660051
21.6,9.0,2.0341662584755817,8.304515467704341,4.915531157395268
21.700000000000003,9.0,2.121590957568198,0.07504601250239203,0.04293920011762921
21.8,9.0,2.205943376453434,0.8944926747095422,0.4958488872087464
21.900000000000002,9.0,2.2874756075616225,2.57183600537804,1.3839597367604146
22.0,9.0,2.3633236217633864,0.43993443912463687,0.23046701870204697
22.1,9.0,2.4363433792163107,0.6619614188141217,0.3381559988008595
22.200000000000003,9.0,2.505554696017892,0.045677289355702616,0.02279643558785731
22.3,9.0,2.5713230111342384,1.4616920543646987,0.7138741427061247
22.400000000000002,9.0,2.6366539151540556,2.5825348870018194,1.2350110771823766
22.5,9.0,2.7196769248453023,14.987934393395042,6.982657612820194
22.6,9.0,2.8003455101662618,1.2003070330844852,0.5455369881973435
22.700000000000003,9.0,2.877510650708176,1.1359226811615277,0.5044792446131982
22.8,9.0,2.94716163974064,0.00294668656107449,0.001282222971692239
22.900000000000002,9.0,3.0116422855448834,0.5156005890177279,0.22023908491766755
23.0,9.0,3.0827202307385306,6.810804256917163,2.8515222309920105
23.1,9.0,3.1566547224708694,5.408898593871431,2.2187897153507583
23.200000000000003,9.0,3.2350465061186937,5.474283439611749,2.198480031230079
23.3,9.0,3.3295303511154355,14.18885582258062,5.557674644795988
23.400000000000002,9.0,3.4204904456448992,1.1149372538204168,0.42658078215403566
23.5,9.0,3.51352956029795,5.348059315738641,1.9987616518295754
23.6,9.0,3.6062542672063,3.4333463505206674,1.2541891443280813
23.700000000000003,9.0,3.7521933677375388,38.79010758551359,13.683564303480612
23.8,9.0,3.9323611717370883,27.72898054050587,9.384043673150824
23.900000000000002,9.0,4.126645219072389,15.46253210425489,5.013092004714495
24.0,9.0,4.311120220526605,0.002533493057864877,0.0007898866402430819
24.1,9.0,4.504898519862753,12.46217244769448,3.7349925472723347
24.200000000000003,9.0,4.712862187638746,16.312248624262157,4.693846116710136
24.3,9.0,4.910325105709288,0.23250322658575232,0.064460976570632
24.400000000000002,9.0,5.097926142392646,1.7364336312920479,0.4652884623134383
24.5,9.0,5.287723107954223,8.848497258870205,2.2932586166854145
24.6,9.0,5.479219667521527,8.24683029561403,2.068872884971074
24.700000000000003,9.0,5.663066100117574,1.3919443756578669,0.33877886908384264
24.8,9.0,5.839261117858434,2.9963607224748756,0.7090007810296172
24.900000000000002,9.0,6.015534765951343,6.632072767028753,1.5268292638893766
25.0,9.0,6.170334377578391,5.060952739025814,1.13808823948264
25.1,9.0,6.304895828481046,0.07129107818148044,0.015714658970185955
25.200000000000003,9.0,6.378662368803752,0.49396066525482935,0.10771585493752019
25.3,9.0,6.453467281979478,3.8875678447625877,0.8386250385122747
25.400000000000002,9.0,6.516201835649987,4.857941715509064,1.038583658787879
25.5,9.0,6.57624909949213,2.900706050003841,0.6148821238243354
25.6,9.0,6.637574613009141,2.8867403048817284,0.6066641250138967
25.700000000000003,9.0,6.691964121452182,0.8247252648840946,0.17200974260093393
25.8,9.0,6.738751038878263,1.2818396503764322,0.2656203349497436
25.900000000000002,9.0,6.7791800838027045,0.5755800548882852,0.11860814987302747
26.0,9.0,6.8620562005659504,35.088461151394526,7.149183637452497
26.1,9.0,6.937615071126695,9.821065858079919,1.980688519940875
26.200000000000003,9.0,7.0281066013178455,15.729402359453529,3.1341351535922706
26.3,9.0,7.1288791700053755,13.911263363945727,2.735250432063651
26.400000000000002,9.0,7.222179509447427,0.7847346712521777,0.15243131883144942
26.5,9.0,7.3272834654792405,11.796251159514407,2.260602521591217
26.6,9.0,7.4315182500910515,11.228533055429898,2.123527810448081
26.700000000000003,9.0,7.540688735506478,6.840006035306807,1.2760112212345127
26.8,9.0,7.652817584897982,6.505751505942057,1.1969637683283452
26.900000000000002,9.0,7.763816965528955,5.556485144739973,1.008580871512135
27.0,9.0,7.868624657237376,0.01212117845664054,0.0021726112031129037
27.1,9.0,7.967669302136697,0.3135199363610916,0.05553829368643021
27.200000000000003,9.0,8.061699975529834,0.004517781876743787,0.0007915101947608613
27.3,9.0,8.149121388456406,0.18987418976029044,0.03292950484202482
27.400000000000002,9.0,8.252880854368806,16.38861730843946,2.808552563626999
27.5,9.0,8.331033754244356,1.375539232573635,0.23364295803634416
27.6,9.0,8.490672978921747,58.12962023016413,9.69832075414931
27.700000000000003,9.0,8.640644873841635,0.012343665406566505,0.0020256227394674017
27.8,9.0,8.84697977709976,42.57734874271482,6.832797827437793
27.900000000000002,9.0,9.04603292655735,2.5389281639325607,0.39895025244505283
28.0,9.0,9.22517388193084,0.17111318276920115,0.026392306941749242
28.1,9.0,9.390159819414022,1.9435851794498724,0.2947755974025848
28.200000000000003,9.0,9.54218129950714,2.330843095674568,0.34815788913146245
28.3,9.0,9.66533334830866,0.00995096461950972,0.0014683676784439232
28.400000000000002,9.0,9.786663268068484,4.005252852739718,0.5840454890517351
28.5,9.0,9.902444051033145,5.692965444291764,0.8209078678572205
28.6,9.0,10.007323312021777,0.025024465323351303,0.0035724319953189198
28.700000000000003,9.0,10.054628323335574,3.903249835245568,0.5547210734009096
28.8,9.0,10.060662262748485,1.791766317040253,0.2544963003921404
28.900000000000002,9.0,10.075641115366919,21.626938888367675,3.0674649393514337
29.0,9.0,10.091259353124832,0.928085339990715,0.13144121615484194
29.1,9.0,10.087683055147147,0.18642321589369318,0.02641133309186062
29.200000000000003,9.0,10.060176975493725,0.23985090784874927,0.03406916026199486
29.3,9.0,10.03407806629342,0.2537475402161245,0.036132379874996914
29.400000000000002,9.0,10.009141176584464,1.6411496521808022,0.23424601848114854
29.5,9.0,10.00849225638539,24.209247275158756,3.455668998630354
29.6,9.0,10.022727345832992,18.147872720096498,2.5869537607020296
29.700000000000003,9.0,10.037753593617602,2.3938862485823416,0.3407585251422437
29.8,9.0,10.048089834898848,0.37056464638672343,0.05269645767909935
29.900000000000002,9.0,10.06256699788637,9.737228613921483,1.3827929256027383
30.0,9.0,10.06905220816397,0.21555636532806496,0.030592577425470613
30.1,9.0,10.07515980193246,0.03572041469436974,0.005066648924942347
30.200000000000003,9.0,10.084870971347828,3.0999308887903285,0.43929645866938677
30.3,9.0,10.121364735927488,22.06633693480269,3.1163137906603193
30.400000000000002,9.0,10.167215207290374,12.31220505698169,1.7313148020910463
30.5,9.0,10.209581325203766,2.1061527957715813,0.2949909149317061
30.6,9.0,10.246494376786407,0.6635666814931517,0.09262090383537458
30.700000000000003,9.0,10.2936672778602,8.89505997840668,1.2361498297226678
30.8,9.0,10.363728124136998,18.11289982150586,2.500923202587702
30.900000000000002,9.0,10.448477696705055,12.703425791621726,1.7404372749617267
31.0,9.0,10.48862014967587,8.17536717216956,1.1159773102736708
31.1,9.0,10.515614184015167,2.3935352027600447,0.3259285178442415
31.200000000000003,9.0,10.523545566245321,3.9207687646688165,0.5335083083442433
31.3,9.0,10.518107678535229,5.262796144785485,0.7164745932332093
31.400000000000002,9.0,10.515973618950456,2.8060238311302608,0.38208477001567165
31.5,9.0,10.508375272763145,8.082258104996217,1.1012875975885321
31.6,9.0,10.485071223026415,0.5047858162395056,0.06892797588531736
31.700000000000003,9.0,10.452982739952404,0.20691548589531053,0.028336868249672284
31.8,9.0,10.413283241408477,0.362125090197528,0.04977307225338612
31.900000000000002,9.0,10.369109476157346,1.2503240551408987,0.17255195440118112
32.0,9.0,10.340525346031558,8.93275242031307,1.2360220748318889
32.1,9.0,10.314048601749914,0.7656394949300337,0.10620067328060728
32.2,9.0,10.288994309356108,0.07026089771432517,0.00976841247196631
32.300000000000004,9.0,10.26916968221579,2.8411746122935995,0.3957372800503157
32.4,9.0,10.242568777804903,11.210278223383296,1.5653069282476535
32.5,9.0,10.24189865906523,17.776032866352306,2.4822473331589587
32.6,9.0,10.172806755879947,12.492759975102105,1.7557836838308014
32.7,9.0,10.108039207446312,0.5921833936624067,0.08373603011102046
32.800000000000004,9.0,9.995344703439201,8.467126745942014,1.2101260585325182
32.9,9.0,9.893956743466418,6.320140719914846,0.9120887563661909
33.0,9.0,9.819619116020858,14.82506953515798,2.1548861496461478
33.1,9.0,9.749991496058527,2.6056692534174783,0.3813177680809951
33.2,9.0,9.683280362918648,1.9542469785651377,0.28786111777124257
33.300000000000004,9.0,9.636838459833669,11.299066563222986,1.671980855963308
33.4,9.0,9.589462409100374,1.8344243176971722,0.2727237948836471
33.5,9.0,9.54438773578088,5.648015362381712,0.8434583835700492
33.6,9.0,9.503030481177037,1.0008144984413636,0.1500766943064838
33.7,9.0,9.467650299793323,6.5093901618697,0.9795774278926103
33.800000000000004,9.0,9.453155980325596,14.536334881574286,2.190712409758512
33.9,9.0,9.410724179362033,2.518807242220561,0.38122449933563285
34.0,9.0,9.37814015846964,6.078878688651027,0.9230804469967337
34.1,9.0,9.356034990804794,6.086191337845886,0.9262636562558894
34.2,9.0,9.3483104369947,9.09008788885397,1.3845148282553366
34.300000000000004,9.0,9.389375040346083,32.52236718753262,4.932925547092179
34.4,9.0,9.431410425239097,3.6571574583137862,0.5523622479169278
34.5,9.0,9.435776810631408,0.49776043779094525,0.0751466816250847
34.6,9.0,9.476745197566824,42.694753261909916,6.419140573870101
34.7,9.0,9.52108171540088,6.004919745522774,0.8988430464987814
34.800000000000004,9.0,9.568420963531583,3.8502687719530275,0.5736155827064039
34.9,9.0,9.600543420767805,1.1706762886244546,0.1738534611242923
35.0,9.0,9.636187950252316,3.634353105394665,0.5378283911908219
35.1,9.0,9.670358630896791,0.24130550415470023,0.03558952730855018
35.2,9.0,9.698498753994755,0.21858187926467568,0.0321491257493742
35.300000000000004,9.0,9.71612630733255,15.995961197955056,2.348634019893735
35.4,9.0,9.714674153011567,0.17998506238932444,0.02643036767887401
35.5,9.0,9.731291248714353,14.10391433425203,2.0677616331209863
35.6,9.0,9.74612439624231,0.028171088367737792,0.004124157673422743
35.7,9.0,9.746927538586839,0.036161440385354994,0.005293504845601072
35.800000000000004,9.0,9.723190798786652,1.7797498031791943,0.26113419550827893
35.9,9.0,9.681587049258962,0.0008613132808302531,0.00012689278351152652
36.0,9.0,9.629965695257226,0.11017253855013337,0.016313856610844495
36.1,9.0,9.578230070389637,0.5966428254654749,0.0888017272822203
36.2,9.0,9.528119146540842,3.2793819482795574,0.49052796945638105
36.300000000000004,9.0,9.509583534976422,24.64264020607466,3.6928569685191266
36.4,9.0,9.489704574582095,1.2926042257127308,0.19409045824062393
36.5,9.0,9.468702910890126,6.671157226756715,1.0038152334947605
36.6,9.0,9.455904397193448,5.273497023367847,0.7945280729374676
36.7,9.0,9.450571128653287,4.7571284670169804,0.7171138830391153
36.800000000000004,9.0,9.447553235944497,1.727933359772023,0.26055653869661743
36.9,9.0,9.44759023029214,3.186319002471318,0.4804659614096924
37.0,9.0,9.434399221715235,0.11531694886765405,0.01741176486277907
37.1,9.0,9.468068443563341,31.566092825708186,4.750081673961311
37.2,9.0,9.505762392748453,3.8757198506552375,0.581023169228581
37.300000000000004,9.0,9.55484154394753,11.687774261107789,1.7436039459234236
37.4,9.0,9.58594386680762,0.8616977040270806,0.12815325695935434
37.5,9.0,9.589504375009351,0.45156718944979884,0.06713419797432522
37.6,9.0,9.57534077041261,0.7953683828447016,0.11841312382908055
37.7,9.0,9.56284309885408,1.2306852659120435,0.18344993365525933
37.800000000000004,9.0,9.539085899142515,0.5441855919683458,0.08131003122726949
37.9,9.0,9.541707740640346,23.114261535793432,3.452738637609383
38.0,9.0,9.571693995705349,33.155406629866555,4.9379091507353605
38.1,9.0,9.597199252312475,0.6178787836658647,0.09178962921688762
38.2,9.0,9.652152282600078,22.43627131912058,3.3150021829717478
38.300000000000004,9.0,9.694793683259585,4.923081154079029,0.7243522488586014
38.400000000000006,9.0,9.740670735161341,5.412905167847735,0.7928540973291709
38.5,9.0,9.776024629620006,0.1618121303781153,0.02361985342732176
38.6,9.0,9.80907912692496,0.6463462112565153,0.09404519113182572
38.7,9.0,9.878177602076958,31.640525303398544,4.573133142913223
38.800000000000004,9.0,9.976162467367175,36.097210812119705,5.168478093657062
38.900000000000006,9.0,10.068078559554555,1.739120683337452,0.2468453475535229
39.0,9.0,10.161855762064649,10.383488643372315,1.4608369605295013
39.1,9.0,10.242195322261763,0.25366987952892256,0.03542151374820364
39.2,9.0,10.307109099087448,1.4842176478050062,0.20600573671413203
39.300000000000004,9.0,10.320471759565683,0.31874885008780046,0.04418691585318567
39.400000000000006,9.0,10.32820257760109,0.3480178457041325,0.048209918942230395
39.5,9.0,10.334868787260714,0.045715455115586424,0.006328935220148282
39.6,9.0,10.277960049436894,0.5336619282689374,0.07427128034727024
39.7,9.0,10.21669270149519,1.2022217394720227,0.16827324058255713
39.800000000000004,9.0,10.226315435118865,49.068078217482686,6.861826670251041
39.900000000000006,9.0,10.238107669603009,2.937767983059595,0.4103750968211616
40.0,1.0,10.243896403163788,0.025093639288821218,0.0035034272037608
40.1,1.0,10.249720253197596,0.45767427153327,0.06386318816954295
40.2,1.0,10.260188080613364,3.5086951350326903,0.48912181303145263
40.300000000000004,1.0,10.255376450218938,6.158583571683434,0.8589076728538967
40.400000000000006,1.0,10.250542742797286,0.004879364425139208,0.0006808071753040071
40.5,1.0,10.225925455685507,0.7537376267786198,0.1054087542225671
40.6,1.0,10.202922058294934,0.28352133211298286,0.039735129888185436
40.7,1.0,10.18248249047081,0.9786012383321592,0.13741205368767645
40.800000000000004,1.0,10.162525366936391,1.4200604021783219,0.19977355550990925
40.900000000000006,1.0,10.143880326653758,0.21034602999005272,0.029643234920161167
41.0,1.0,10.131372015454726,3.579823918197647,0.505083997577221
41.1,1.0,10.118624248836282,0.02006217255514051,0.002834007318415919
41.2,1.0,10.101889258369033,0.1963071617944582,0.027774365069814583
41.300000000000004,1.0,10.050875238459131,1.2321208953982443,0.17516853354123046
41.400000000000006,1.0,10.002154914716884,1.121267673819836,0.16014822904324816
41.5,1.0,9.94655685079596,0.46198631622864855,0.06633568210469006
41.6,1.0,9.887460587123966,1.0880950586251712,0.1571262364124798
41.7,1.0,9.826153546395311,1.313401640175843,0.19078763950314245
41.800000000000004,1.0,9.767840439871318,1.680321471924791,0.24547344912955957
41.900000000000006,1.0,9.7076893164915,0.01720421445604301,0.002528125698572343
42.0,1.0,9.652815808551354,1.6286897959876703,0.24062631885075908
42.1,1.0,9.553375632996552,0.025864151266211898,0.003859024900251745
42.2,1.0,9.453458334302413,0.2429652392704517,0.03661519912628638
42.300000000000004,1.0,9.341877591344938,0.5815681290789853,0.088636765243416
42.400000000000006,1.0,9.235387166930803,0.5358853010047279,0.08256764088823683
42.5,1.0,9.134505835034055,0.6412813872369775,0.09984135121467454
42.6,1.0,9.04346483177118,3.992876408868048,0.6275828243598724
42.7,1.0,8.959406934462045,2.8513891263095403,0.4521513578068251
42.800000000000004,1.0,8.882458270252794,2.481744414920747,0.39676346168079696
42.900000000000006,1.0,8.774696371531329,0.007149720674250795,0.0011563269116059995
43.0,1.0,8.625228752839979,1.7595300258951732,0.2892305618115438
43.1,1.0,8.48270607580699,0.2655859328616799,0.04434954187864043
43.2,1.0,8.313877414397156,0.1481925001245683,0.025220313346286355
43.300000000000004,1.0,8.146826509709603,0.48063025527128955,0.08337687614032477
43.400000000000006,1.0,7.981107489643511,0.7324647592370894,0.12954642305822445
43.5,1.0,7.823775371563242,0.22911278538970525,0.041287656471202354
43.6,1.0,7.673600220511807,0.17325362780389722,0.03179510065266844
43.7,1.0,7.483554676228841,0.05442478066327991,0.010225666924784247
43.800000000000004,1.0,7.249923840659162,0.7054984782118269,0.13654943443002043
43.900000000000006,1.0,7.025749230907608,0.2555767097653626,0.05094045162621104
44.0,1.0,6.801508392071915,2.866848928893963,0.5889568514377447
44.1,1.0,6.588464152483241,0.2433747496857929,0.05150087757738046
44.2,1.0,6.3867637714753585,1.9453153820432123,0.4237074437126654
44.300000000000004,1.0,6.19469144617545,0.014106621808018291,0.0031607032052411773
44.400000000000006,1.0,6.011858435053767,0.10514978785713762,0.02422114721300819
44.5,1.0,5.838474443461014,0.2506281036791587,0.05931114164332914
44.6,1.0,5.67302814701946,0.04599230930999107,0.011175789632240134
44.7,1.0,5.514414793674591,0.24264058921069884,0.060514762666324384
44.800000000000004,1.0,5.290132374437039,0.0015891775315339696,0.0004116946113054492
44.900000000000006,1.0,5.075616104911317,1.9724538163613181,0.530646419852293
45.0,1.0,4.8718024038101095,0.009596938107342691,0.0026798095087793377
45.1,1.0,4.678681171164985,0.7921965388823208,0.2294589624362152
45.2,1.0,4.492256519397048,1.535707964986594,0.4614269997003497
45.300000000000004,1.0,4.306723465341169,0.5388269874577533,0.16814790511965994
45.400000000000006,1.0,4.130461283765528,0.001025882720655507,0.0003323263032947501
45.5,1.0,3.9642426825230856,1.5740517963901082,0.5288865015847966
45.6,1.0,3.806085910797285,0.1174543017923715,0.04091452338347256
45.7,1.0,3.6545478254373602,0.11916642472262061,0.043025052206521044
45.800000000000004,1.0,3.5084829182851847,0.0175763620137176,0.006577187319499684
45.900000000000006,1.0,3.3720244333999974,1.7457973029096312,0.676311836200111
46.0,1.0,3.2390829477632823,1.3758739210062447,0.5519564316549698
46.1,1.0,3.1146196577914687,1.2408097612656304,0.5149129972462018
46.2,1.0,2.9961309831038396,0.03060768552381148,0.01313209616790653
46.300000000000004,1.0,2.8817621880685587,0.02908484070935535,0.012900747787043552
46.400000000000006,1.0,2.7719234468282377,0.3290103692838184,0.1508334659859281
46.5,1.0,2.666910593926481,0.017953833927408142,0.00850379260556334
46.6,1.0,2.5701804914150292,3.1095002221032213,1.5192104653772667
46.7,1.0,2.4764039686860095,0.05811807808213839,0.02928941032211215
46.800000000000004,1.0,2.384806209900066,0.006946676341496735,0.003612032751623225
46.900000000000006,1.0,2.297859884889623,0.06490143859153587,0.034795222739020186
47.0,1.0,2.218544261645572,3.817613473234491,2.1064289041170348
47.1,1.0,2.1431568439190576,0.0008137214888443057,0.00046178955897928435
47.2,1.0,2.07226159558761,0.7248309117644816,0.4226811026964583
47.300000000000004,1.0,2.004039150905001,0.0002622839231340652,0.00015711650696791508
47.400000000000006,1.0,1.9418646678393787,2.293778222908835,1.4090327689648905
47.5,1.0,1.8844047552233567,1.7118455847831031,1.076901214674067
47.6,1.0,1.8243736043458723,0.36338714735901395,0.23450650102865803
47.7,1.0,1.7630771745778822,0.006831503389690748,0.004528018398863256
47.800000000000004,1.0,1.7011247404828214,0.001193871273846608,0.0008135871983234784
47.900000000000006,1.0,1.6424402073132018,0.12066920113317543,0.0844848790094156
48.0,1.0,1.58447958706564,0.28598753494636403,0.20579779484596963
48.1,1.0,1.533797391373656,3.1858482949946842,2.3496796990502453
48.2,1.0,1.4889266817688818,2.3331100351984166,1.7595746916548705
48.300000000000004,1.0,1.4456040891335231,0.017017914722521725,0.01312028085588112
48.400000000000006,1.0,1.4038033384978836,0.30293967120446075,0.23868510870730164
48.5,1.0,1.3678298519351695,2.72059714615216,2.184832689658653
48.6,1.0,1.337269262022995,2.582735176073042,2.108620028750623
48.7,1.0,1.3088623926708463,0.47155215694133673,0.3910348505657255
48.800000000000004,1.0,1.282446728223464,1.0860727696511563,0.9139735447243584
48.900000000000006,1.0,1.2570447737168466,0.050861188695946864,0.0434205116370102
49.0,1.0,1.228666240992042,0.0357316332151087,0.03100508851951936
49.1,1.0,1.20140306320646,0.040993618340875095,0.03614101140468616
49.2,1.0,1.1758330034128086,2.1652881171441565,1.9381001383203875
49.300000000000004,1.0,1.1516203186284297,0.06668796820121138,0.06056594919157179
49.400000000000006,1.0,1.129403460656141,0.6286115031046935,0.5786886289521804
49.5,1.0,1.108385317835977,0.30920960601939645,0.28837269520287573
49.6,1.0,1.0935008261958576,3.4344883353341342,3.2329650655405437
49.7,1.0,1.0793812683812418,0.2564467515424778,0.2435574835631534
49.800000000000004,1.0,1.066858678285094,0.595582396023034,0.5701685840693281
49.900000000000006,1.0,1.062928646819158,7.283406566631019,6.990152667673664
50.0,1.0,1.0614800062088825,1.5328564596830632,1.472503445693825
50.1,1.0,1.0589870697513606,0.04771128704225952,0.04590604499035603
50.2,1.0,1.0587859709756635,2.980501870952342,2.868099206480678
50.300000000000004,1.0,1.0595286901267236,1.1613356461059758,1.1170063623628577
50.400000000000006,1.0,1.062663789706051,1.6207034732674828,1.5557122561587764
50.5,1.0,1.063455789720816,0.11648873932611419,0.11176082505049478
50.6,1.0,1.068289042493123,2.8380228073125515,2.7144449113802276
50.7,1.0,1.0772691792151687,3.0448641502920366,2.8956986452437303
50.800000000000004,1.0,1.0858172444396943,0.028866587735096372,0.027304458792124814
50.900000000000006,1.0,1.0955867404739474,2.8450200168790194,2.6745835353651266
51.0,1.0,1.103054885893006,0.1672900453515197,0.156535543627062
51.1,1.0,1.1116165133586597,2.218735972964454,2.0650718901550635
51.2,1.0,1.1218286052840787,1.4163049075556584,1.3099148420565494
51.300000000000004,1.0,1.1361983515109544,3.14125743919439,2.8797768647305957
51.400000000000006,1.0,1.1498115018288468,0.3036046375243474,0.27603575061859736
51.5,1.0,1.1628223903541748,0.07021764948058386,0.06334198699263464
51.6,1.0,1.1723846846051842,1.2441336567353531,1.1158918771990556
51.7,1.0,1.1817375313272092,0.23722953379262054,0.2115932445225875
51.800000000000004,1.0,1.1960701850279696,3.6385795528995053,3.2179501635772536
51.900000000000006,1.0,1.209620323630214,0.02097982960610197,0.018407446363488462
52.0,1.0,1.218961750704881,1.4634770749243995,1.2770590221023967
52.1,1.0,1.2278928889024547,0.03866870591552199,0.03356866576962772
52.2,1.0,1.2365570950795068,0.8445808380025865,0.7295304373196421
52.300000000000004,1.0,1.2464423373164069,1.1030931963901256,0.9474345411986044
52.400000000000006,1.0,1.252870587030764,0.31862461577687734,0.2726595603814122
52.5,1.0,1.2597894681898532,2.25320820508301,1.9205776422227612
52.6,1.0,1.268313317427067,1.6639952380785692,1.411510523909629
52.7,1.0,1.2820523235385124,3.767731060784284,3.171397672518614
52.800000000000004,1.0,1.2964270330261127,0.8829629924253881,0.7372659530774441
52.900000000000006,1.0,1.3115951936592156,1.128793614388235,0.934640601558619
53.0,1.0,1.3277903826173918,1.4762784394320132,1.2115271423941834
53.1,1.0,1.3386945677479027,0.19835204182382993,0.16181483752365008
53.2,1.0,1.3494582022927384,2.6028824824317187,2.1110635097389396
53.300000000000004,1.0,1.3638786684518087,2.81369347570701,2.264385705463445
53.400000000000006,1.0,1.3771891146909276,0.04360859653917178,0.034846193330674444
53.5,1.0,1.386870463403644,0.7448803365210611,0.5921553845122498
53.6,1.0,1.3922942572045818,0.06707685864448683,0.053171058139427844
53.7,1.0,1.3967499997454114,0.006977776900526973,0.005518210281900795
53.800000000000004,1.0,1.3999544744110628,0.40041893756003827,0.31612778854937396
53.900000000000006,1.0,1.4045499588436754,1.0850168555250808,0.854545860417205
54.0,1.0,1.409269322007222,0.27150026825817347,0.21330170536606974
54.1,1.0,1.4150926230143355,0.9342642861703115,0.7317643086367719
54.2,1.0,1.417824281945157,0.2983034331865917,0.2333139453871422
54.300000000000004,1.0,1.4203210945203755,0.0011790288267408732,0.0009209622521763871
54.400000000000006,1.0,1.4219317294788525,0.12105351111752795,0.09447800038429507
54.5,1.0,1.4236449184945337,0.4312668094382264,0.3362887859073342
54.6,1.0,1.4264088718423051,4.192104190583589,3.2641856969137386
54.7,1.0,1.4303709736072157,1.1473441412275431,0.8915468764148028
54.800000000000004,1.0,1.434904652558246,1.1087039122667965,0.859502749244711
54.900000000000006,1.0,1.4286570969757726,0.24703950932938865,0.19213330590240107
55.0,1.0,1.4205636633129726,0.09401922004950625,0.07343095819639982
55.1,1.0,1.416682771847837,2.58629163005868,2.0240373117915227
55.2,1.0,1.4116667024155132,2.0943535106554916,1.6433462287195322
55.300000000000004,1.0,1.4051594757735466,2.8525266760845576e-05,2.245895983269081e-05
55.400000000000006,1.0,1.3967212530928628,0.11646522605714278,0.0921051729666895
55.5,1.0,1.38892954751547,0.2662260521640158,0.21141025549167722
55.6,1.0,1.377671703034648,0.26754001911314784,0.2137274732431309
55.7,1.0,1.362698524790733,0.19271349220280617,0.15518895540902689
55.800000000000004,1.0,1.3485908908654511,0.10679019202670041,0.08665264382269945
55.900000000000006,1.0,1.3309214654276424,0.0002378776849839203,0.00019488357868617808
56.0,1.0,1.315196598451754,0.8746815053715217,0.722798984515701
56.1,1.0,1.297284282086783,0.2362741477128711,0.19719263396540052
56.2,1.0,1.2784184196609387,0.1835303214746209,0.1547979255997682
56.300000000000004,1.0,1.2558908619121276,0.07126514302156418,0.06087947539970505
56.400000000000006,1.0,1.234386406759417,0.23475444329779957,0.2030295345802631
56.5,1.0,1.214094849348271,0.16200097209997533,0.1417666345840526
56.6,1.0,1.1929774952310668,0.017217272324864388,0.015254726397749144
56.7,1.0,1.1739881040383617,0.9519596795520217,0.8530165273476216
56.800000000000004,1.0,1.1541076165231363,2.4115356314623364,2.186861006538935
56.900000000000006,1.0,1.136618302550777,0.9524126076761866,0.8729090401150248
57.0,1.0,1.1180752097131939,0.17798069902969668,0.16499297865880166
57.1,1.0,1.1004805506139794,0.052854770241955784,0.04953646911392913
57.2,1.0,1.082580179883003,0.05428444685405926,0.05145184510468759
57.300000000000004,1.0,1.0644998409703714,0.3864353842541515,0.37050376177839756
57.400000000000006,1.0,1.047105652300472,0.17338014717723949,0.16810113800511767
57.5,1.0,1.0275255592495731,0.21613232875341537,0.21223768804850107
57.6,1.0,1.0064298442920714,0.0009108653134172227,0.0009069774973609272
57.7,1.0,0.9809617404527222,0.14961464096919866,0.15153798732517787
57.800000000000004,1.0,0.9577686580875143,1.5507071805413188,1.5956309376712758
57.900000000000006,1.0,0.9371599761469833,2.078624485332514,2.1695126358569627
58.0,1.0,0.9159913313651984,0.41601381391174175,0.44069529738291274
58.1,1.0,0.8992577394508731,2.449432460737459,2.625784076454762
58.2,1.0,0.8810483972195684,1.0612625406345864,1.1526705466345721
58.300000000000004,1.0,0.8597906955354192,0.17447576610048388,0.19246612733121823
58.400000000000006,1.0,0.8407498148924464,0.8128992345184548,0.9094529331525563
58.5,1.0,0.8216390106260651,0.06356856614972811,0.07214742335686897
58.6,1.0,0.8039525901517949,0.3796392445056784,0.43671746278154644
58.7,1.0,0.7871828453076803,0.028547514528715286,0.0332674351193961
58.800000000000004,1.0,0.7707986997275653,0.09849361875588973,0.11625793146114116
58.900000000000006,1.0,0.7556021977546434,1.3306410743167156,1.589644885174933
59.0,1.0,0.7408807770329279,0.08167103663159318,0.09872548371674787
59.1,1.0,0.7267769420721285,0.8552741027239742,1.0457574723559913
59.2,1.0,0.7147152374609232,1.1895958342226385,1.4689811210928856
59.300000000000004,1.0,0.7037118544354208,0.3046699322551633,0.37966303704560156
59.400000000000006,1.0,0.6937295069385063,0.4349644293259751,0.5465615453053996
59.5,1.0,0.6836160162910738,0.011093125862481885,0.014058350482502096
59.6,1.0,0.668199736860854,0.31979531381100057,0.4106258164425847
59.7,1.0,0.6536530522042351,1.2131980092874481,1.5774214010478842
59.800000000000004,1.0,0.644844229676091,4.449055842696047,5.829250470111743
59.900000000000006,1.0,0.6371126407636329,0.6715678355152449,0.8858856345105581
